1,217,ACCT217,"Accounting 217 Introductory Financial Accounting  Introduction to accounting for business organizations. Reporting of financial results of operations and financial position to investors, managers, and others. Emphasis on the use of accounting information for decision making.  Course Hours:  3 units; (3-1T)  Prerequisite(s):  Admission to the Haskayne School of Business and 12 units. Antirequisite(s):  Credit for Accounting 217 and any of Accounting 301, 317 or Business and Environment 291 will not be allowed. back to top",accounting,2,,
2,301,ACCT301,"Accounting 301 Accounting Principles  Introduction to basic accounting principles and practices. Emphasis is placed on the accounting cycle and the key financial statements necessary for business decisions. Introduces basic financial and managerial accounting concepts.  Course Hours:  3 units; (3-0)  Prerequisite(s):  24 units including Entrepreneurship and Innovation 201.  Antirequisite(s):  Credit for Accounting 301 and any of 217, 317 or 323 will not be allowed.  Notes:  Not available for credit towards the Bachelor of Commerce degree. Preference in enrolment is given to students who have declared a Management and Society Minor. Will not act as a prerequisite for any higher level accounting course.  back to top",accounting,3,,
3,323,ACCT323,"Accounting 323 Introductory Managerial Accounting  An introduction to the use of accounting within an organizational context. Emphasis is placed on the development and dissemination of accounting information necessary for effective management including: planning, directing, motivating, and controlling activities and behaviours.  Course Hours:  3 units; (3-1T)  Prerequisite(s):  Admission to the Haskayne School of Business, and Accounting 217 or 317.  Antirequisite(s):  Credit for Accounting 323 and 301 will not be allowed.  back to top",accounting,3,,
4,341,ACCT341,"Accounting 341 Intermediate Financial Accounting I  Financial accounting from a producer point of view. Topics include cash, receivables, inventories, short and long-term investments, intangible assets and capital assets including the appropriate financial statement considerations.  Course Hours:  3 units; (3-1T) or (3-0.5T)  Prerequisite(s):  Admission to the Haskayne School of Business and Accounting 217 or 317, and 323.  back to top",accounting,3,,
5,343,ACCT343,"Accounting 343 Intermediate Financial Accounting II  Financial accounting from a producer point of view. Topics include accounting for liabilities, shareholders equity, leases, future income taxes, pensions, accounting changes and earnings per share including the relevant financial statement considerations.  Course Hours:  3 units; (3-1T)  Prerequisite(s):  Admission to the Haskayne School of Business and Accounting 341.  back to top",accounting,3,,
6,361,ACCT361,"Accounting 361 Cost Accounting  The production of accounting data for the purpose of decision-making, control and evaluation. Topics covered are in the cost classifications and methods of cost establishment, cost data appropriate for decision models, standards and controls.  Course Hours:  3 units; (3-1T) or (3-0.5T)  Prerequisite(s):  Admission to the Haskayne School of Business and Accounting 323.  back to top",accounting,3,,
7,421,ACCT421,"Accounting 421 Taxation  Taxation levied on profits, sales, property and estates and its impact upon management decisions. Consideration will be given to the biases and shifts implicit in any system of taxation.  Course Hours:  3 units; (3-1T) or (3-0.5T)  Prerequisite(s):  Admission to the Haskayne School of Business, and 54 units including Accounting 217 or 317.  back to top",accounting,4,,
8,423,ACCT423,"Accounting 423 Advanced Taxation  Focuses on tax planning. Extends the material covered in the introductory tax course with an examination of specialized topics in personal and corporate income tax. Topics include detailed review of taxation of corporations, income trusts, partnerships, business reorganization, amalgamations, winding-up of businesses, sale of an incorporated business, tax consequences of leaving Canada and death of a taxpayer.  Course Hours:  3 units; (3-0)  Prerequisite(s):  Admission to the Haskayne School of Business and Accounting 421.  back to top",accounting,4,,
9,425,ACCT425,"Accounting 425 Auditing  A conceptual study of audit evidence, basic audit techniques, professional ethics, audit reports.  Course Hours:  3 units; (3-0)  Prerequisite(s):  Admission to the Haskayne School of Business and 54 units including Accounting 341.  back to top",accounting,4,,
10,443,ACCT443,"Accounting 443 Advanced Financial Accounting  Topics include accounting for business combinations and intercorporate investments, foreign currency transactions and translation, bankruptcy, partnerships, and not-for-profit organizations.  Course Hours:  3 units; (3-1T)  Prerequisite(s):  Admission to the Haskayne School of Business and 54 units including Accounting 343.  back to top",accounting,4,,
11,445,ACCT445,"Accounting 445 Accounting Theory  Examines the origins of financial accounting and current theories on the use of financial accounting information by investors, regulators, standard setters, and other corporate stakeholders.  Course Hours:  3 units; (3-0)  Prerequisite(s):  Admission to the Haskayne School of Business and 54 units including Accounting 343.  back to top",accounting,4,,
12,465,ACCT465,Accounting 465 Managerial Control Systems  Case approach to Management Control Systems explaining the use of accounting data from a managerial perspective. Emphasis is placed on how managers use planning and control to accomplish a firm's strategies.  Course Hours:  3 units; (3-0)  Prerequisite(s):  Admission to the Haskayne School of Business and 54 units including Accounting 361.  back to top,accounting,4,,
13,559,ACCT559,"Accounting 559 Selected Topics in Accounting  Investigation of selected topics in Accounting.  Course Hours:  3 units; (3-0)  Prerequisite(s):  Admission to the Haskayne School of Business and 54 units including Accounting 343. For certain topics, consent of the Haskayne School of Business will also be required.  Notes:  For more information on topics and prerequisite requirements, see Class Notes in the Course Search.  MAY BE REPEATED FOR CREDIT  back to top",accounting,5,,
14,203,CPSC203,"Computer Science 203 Introduction to Problem Solving using Application Software  Introduction to computer fundamentals; contemporary topics, such as security and privacy, and the Internet and World Wide Web. Problem solving, analysis and design using application software such as spreadsheets and word processors.  Course Hours:  3 units; (3-2T)  Antirequisite(s):  Not open for registration to Computer Science majors.  back to top",computer-science,2,,
15,217,CPSC217,"Computer Science 217 Introduction to Computer Science for Multidisciplinary Studies I  Introduction to problem solving, analysis and design of small-scale computational systems and implementation using a procedural programming language. For students wishing to combine studies in computer science with studies in other disciplines.  Course Hours:  3 units; (3-2T)  Antirequisite(s):  Credit for Computer Science 217 and any of 215, 231, 235, Data Science 211, Computer Engineering 339, Engineering 233 or Digital Engineering 233 will not be allowed.  Notes:  See the statements at the beginning of the Computer Science entry.  back to top",computer-science,2,,
16,219,CPSC219,"Computer Science 219 Introduction to Computer Science for Multidisciplinary Studies II  Continuation of Introduction to Computer Science for Multidisciplinary Studies I. Emphasis on object oriented analysis and design of small-scale computational systems and implementation using an object oriented language. Issues of design, modularization and programming style will be emphasized.  Course Hours:  3 units; (4-2T)  Prerequisite(s):  Computer Science 217 or Data Science 211.  Antirequisite(s):  Credit for Computer Science 219 and any of 233, 235, Electrical Engineering 497 or Computer Engineering 493 will not be allowed.  back to top",computer-science,2,,
17,231,CPSC231,"Computer Science 231 Introduction to Computer Science for Computer Science Majors I  Introduction to problem solving, the analysis and design of small-scale computational systems, and implementation using a procedural programming language. For computer science majors.  Course Hours:  3 units; (3-2T)  Antirequisite(s):  Credit for Computer Science 231 and any of Computer Science 215, 217, 235, Data Science 211, Computer Engineering 339, Engineering 233, or Digital Engineering 233 will not be allowed.  Notes:  See the statements at the beginning of the Computer Science entry.  back to top",computer-science,2,,
18,233,CPSC233,"Computer Science 233 Introduction to Computer Science for Computer Science Majors II  Continuation of Introduction to Computer Science for Computer Science Majors I. Emphasis on object-oriented analysis and design of small-scale computational systems and implementation using an object oriented language. Issues of design, modularization, and programming style will be emphasized.  Course Hours:  3 units; (3-2T)  Prerequisite(s):  Computer Science 231.  Antirequisite(s):  Credit for Computer Science 233 and any of 219, 235, Electrical Engineering 497 or Computer Engineering 493 will not be allowed.  back to top",computer-science,2,,
19,235,CPSC235,"Computer Science 235 Advanced Introduction to Computer Science  An accelerated introduction to problem solving, the analysis and design of small-scale computational systems and implementation using both procedural and object oriented programming languages. Issues of design, modularization, and programming style will be emphasized.  Course Hours:  3 units; (3-2T-2)  Prerequisite(s):  Consent of the Department.  Antirequisite(s):  Credit for Computer Science 235 and any of 215, 217, 219, 231, 233, Computer Engineering 339, 493 or Data Science 211 will not be allowed.  Notes:  See the statements at the beginning of the Computer Science entry. back to top",computer-science,2,,
20,251,CPSC251,"Computer Science 251 Theoretical Foundations of Computer Science I Proof techniques. Recursion and iteration. Specification of algorithmic problems, proofs of correctness, and bounds on their computational complexity. Discrete structures such as graphs, trees, strings, functions, and their computer representation. Counting, permutations, discrete probability spaces, random events. Applications in Computer Science.  Course Hours:  3 units; H(3-2T) Prerequisite(s):  Computer Science 219 or 231.  Antirequisite(s):  Students may not register in, or have credit for, Computer Science 251 if they have previous credit for one of Mathematics 271 or 273 or are concurrently enrolled in Mathematics 271 or 273.  back to top",computer-science,2,,
21,304,CPSC304,"Computer Science 304 A Survey of Computer Science for Non-Majors  An accessible exploration of different computing topics. Emphasizing a familiarity with a broad array of subjects within computer science rather than depth. Topics may include computing hardware, data representation, data compression, computer graphics, sorting algorithms, artificial intelligence techniques, databases, networks and security and privacy.  Course Hours:  3 units; (3-0)  Antirequisite(s):  Not open for registration to Majors in Computer Science, Bioinformatics, Electrical Engineering, Software Engineering, Computer Engineering, Natural Sciences with a primary concentration in Computer Science or any student with at least 3 units of courses numbered 300 or above and labelled Computer Science, Software Engineering or Software Engineering for Engineers.  Also known as:  (formerly Computer Science 399.04)  back to top",computer-science,3,,
22,313,CPSC313,"Computer Science 313 Introduction to Computability  An introduction to abstract models of sequential computation, including finite automata, regular expressions, context-free grammars, and Turing machines. Formal languages, including regular, context-free, and recursive languages, methods for classifying languages according to these types, and relationships among these classes.  Course Hours:  3 units; (3-2T)  Prerequisite(s):  Mathematics 271 or 273; and Philosophy 279 or 377; and 3 units from Computer Science 219, 233 or 235.  Antirequisite(s):  Credit for Computer Science 313 and Computer Science 351 will not be allowed.  back to top",computer-science,3,,
23,319,CPSC319,"Computer Science  319 Data Structures, Algorithms, and Their Applications  Fundamental data structures, including arrays, lists, stacks, queues, trees, hash tables, and graphs. Algorithms for searching and sorting. Introduction to analysis of algorithms. Applications of these data structures and algorithms. For students wishing to combine studies in computer science with studies in other disciplines.  Course Hours:  3 units; (3-2T)  Prerequisite(s):  3 units from Computer Science 219, 233, 235, Computer Engineering 335, 339 or Software Engineering for Engineers 337.  Antirequisite(s):  Credit for Computer Science 319 and 331 will not be allowed. Computer Science majors are not permitted to register in this course.  back to top",computer-science,3,,
24,329,CPSC329,"Computer Science  329 Explorations in Information Security and Privacy  A broad survey of topics in information security and privacy, with the purpose of cultivating an appropriate mindset for approaching security and privacy issues. Topics will be motivated by recreational puzzles. Legal and ethical considerations will be introduced as necessary.  Course Hours:  3 units; (3-2T)  Prerequisite(s):  Mathematics 30-1, 30-2 or 31.  back to top",computer-science,3,,
25,331,CPSC331,"Computer Science 331 Data Structures, Algorithms, and Their Analysis  Fundamental data structures, including arrays, lists, stacks, queues, trees, hash tables, and graphs. Algorithms for searching and sorting. Introduction to the correctness and analysis of algorithms. For computer science majors and those interested in algorithm design and analysis, information security, and other mathematically-intensive areas.  Course Hours:  3 units; (3-2T)  Prerequisite(s):  3 units from Computer Science 251, Mathematics 271 or 273; and 3 units from Computer Science 219, 233, 235, Computer Engineering 335, 339 or Software Engineering for Engineers 337.  Antirequisite(s):  Credit for Computer Science 331 and 319 will not be allowed. Â Â Â Â Â Â Â Â Â Â back to top",computer-science,3,,
26,335,CPSC335,"Computer Science 335 Intermediate Information Structures  A continuation of Computer Science 319 or 331. Collision resolution in hash tables, search algorithms, advanced tree structures, strings. Advanced algorithmic tools for the storing and manipulation of information.  Course Hours:  3 units; (3-2T)  Prerequisite(s):  Computer Science 319 or 331. Â Â Â Â Â Â Â Â back to top",computer-science,3,,
27,351,CPSC351,"Computer Science 351 Theoretical Foundations of Computer Science II Probability spaces, random variables, expectation, independence, concentration bounds, conditional probability, repeated trials, error bounds. Turing machines and finite automata. Deterministic, nondeterministic and probabilistic models of computation. Languages, regular languages and regular expressions. Methods for classifying computational problems as decidable or undecidable.  Course Hours:  3 units; (3-2T) Prerequisite(s):  3 units from Computer Science 219, 233 or 235; and Computer Science 251 or with department consent Statistics 213 and either Mathematics 271 or 273; and 3 units from Mathematics 249, 265 or 275; and Philosophy 279 or 377.Â Antirequisite(s):  Credit for Computer Science 351 and Computer Science 313 will not be allowed.  back to top",computer-science,3,,
28,355,CPSC355,"Computer Science 355 Computing Machinery I  An introduction to computing machinery establishing the connection between programs expressed in a compiled language, an assembly language, and machine code, and how such code is executed. Includes the detailed study of a modern CPU architecture, its assembly language and internal data representation, and the relationship between high-level program constructs and machine operations.  Course Hours:  3 units; (3-2T)  Prerequisite(s):  3 units from Computer Science 219, 233 or 235.  Antirequisite(s):  Credit for Computer Science 355 and 265 or Computer Engineering 369 will not be allowed.  back to top",computer-science,3,,
29,359,CPSC359,"Computer Science  359 Computing Machinery II  An introduction to hardware and microprocessor design, including the connection between gate-level digital logic circuits and sequential machines that can execute an algorithm and perform input and output.  Course Hours:  3 units; (3-2T)  Prerequisite(s):  Computer Science 355 and Philosophy 279 or 377.  Antirequisite(s):  Credit for Computer Science 359 and any of 325, 455 or Computer Engineering 415 will not be allowed. Notes:  A supplementary fee will be assessed to cover additional costs associated with this course.  back to top",computer-science,3,,
30,399,CPSC399,"Computer Science 399 Special Topics in Computer Science  Exploration of various areas in Computer Science. Topics will vary from year-to-year. It will be offered as required to provide the opportunity for students to engage in additional areas in Computer Science. Before registration, consult the Department of Computer Science for topics offered.  Course Hours:  3 units; (3-0) or (3-1T) Prerequisite(s):  Consent of the Department.  MAY BE REPEATED FOR CREDIT  back to top",computer-science,3,,
31,405,CPSC405,"Computer Science  405 Software Entrepreneurship Development of business models, building software prototypes and creation of pitch presentations to create a software-based business.  Course Hours:  3 units; (3-1.25T) Prerequisite(s):  Software Engineering 300 or 301.  Notes:  Taught in collaboration with the Haskayne School of Business.  Also known as:  (formerly Computer Science 499.01)  back to top",computer-science,4,,
32,409,CPSC409,Computer Science 409 History of Computation  The history of computation from the earliest times to the modern era.  Course Hours:  3 units; (3-0)  Prerequisite(s):  Computer Science 355.  back to top,computer-science,4,,
33,411,CPSC411,"Computer Science 411 Compiler Construction  Introduction to compilers, interpreters, and the tools for parsing and translation. Lexical analysis, context free grammars and software tools for their recognition. Attribute grammars and their applications in translation and compiling.  Course Hours:  3 units; (3-2T)  Prerequisite(s):  Computer Science 319 or 331; and Computer Science 355 or Computer Engineering 369.  back to top",computer-science,4,,
34,413,CPSC413,"Computer Science 413 Design and Analysis of Algorithms I  Techniques for the analysis of algorithms, including counting, summation, recurrences, and asymptotic relations; techniques for the design of efficient algorithms, including greedy methods, divide and conquer, and dynamic programming; examples of their application; an introduction to tractable and intractable problems.  Course Hours:  3 units; (3-2T)  Prerequisite(s):  Computer Science 331; and 313 or 351; and Mathematics 211 or 213; and 3 units from Mathematics 249, 265 or 275.  Notes:  Students who have credit for Computer Science 319 instead of Computer Science 331 should contact the department for instructions on how to enrol in this course.  back to top",computer-science,4,,
35,418,CPSC418,"Computer Science  418 Introduction to Cryptography  The basics of cryptography, with emphasis on attaining well-defined and practical notations of security. Symmetric and public key cryptosystems; one-way and trapdoor functions; mechanisms for data integrity; digital signatures; key management; applications to the design of cryptographic systems. In addition to written homework, assessment will involve application programming; additional mathematical theory and proof-oriented exercises will be available for extra credit.  Course Hours:  3 units; (3-2T)  Prerequisite(s):  Computer Science 331 and 3 units from Computer Science 351, Mathematics 271, 273, 315 or Pure Mathematics 315.  Antirequisite(s):  Credit for Computer Science 418 and any of Computer Science 429, 557, Mathematics 318, Pure Mathematics 329 or 418 will not be allowed.  Notes:  Students who have credit for Computer Science 319 instead of Computer Science 331 should contact the department for instructions on how to enrol in this course.  back to top",computer-science,4,,
36,433,CPSC433,"Computer Science 433 Artificial Intelligence  An examination of the objectives, key techniques and achievements of work on artificial intelligence in Computer Science.  Course Hours:  3 units; (3-2T)  Prerequisite(s):  Computer Science 313 or 351; and Philosophy 279 or 377.  back to top",computer-science,4,,
37,441,CPSC441,"Computer Science 441 Computer Networks  Principles and practice in modern telecommunications, computer communications and networks. Layered communication protocols and current physical, data link, network and Internet protocol layers. Circuit switching, packet switching, and an introduction to broadband multimedia networking.  Course Hours:  3 units; (3-2T)  Prerequisite(s):  Computer Science 319 or 331; and Computer Science 355 or Computer Engineering 369.  Antirequisite(s):  Credit for Computer Science 441 and Electrical Engineering 573 will not be allowed.  back to top",computer-science,4,,
38,449,CPSC449,"Computer Science 449 Programming Paradigms  Examination of the basic principles of the major programming language paradigms. Focus on declarative paradigms such as functional and logic programming. Data types, control expressions, loops, types of references, lazy evaluation, different interpretation principles, information hiding.  Course Hours:  3 units; (3-2T)  Prerequisite(s):  Computer Science 319 or 331; and Philosophy 279 or 377.  Antirequisite(s):  Credit for Computer Science 449 and 349 will not be allowed.  Notes:  The prerequisite of Philosophy 279 or 377 is waived for Engineering students in the Software Engineering program.  back to top",computer-science,4,,
39,453,CPSC453,"Computer Science 453 Introduction to Computer Graphics  Introduction to computer graphics. Principles of raster image generation. Example of a graphics API. Graphics primitives. Co-ordinate systems, affine transformations and viewing of graphical objects. Introduction to rendering including shading models and ray tracing. Introduction to modelling including polygon meshes, subdivision, and parametric curves and surfaces.  Course Hours:  3 units; (3-2T)  Prerequisite(s):  Computer Science 319 or 331; and Mathematics 211 or 213; and 3 units from Mathematics 253, 267, 277, 283 or Applied Mathematics 219.  back to top",computer-science,4,,
40,457,CPSC457,"Computer Science 457 Principles of Operating Systems  An introduction to operating systems principles. Performance measurement; concurrent programs; the management of information, memory and processor resources.  Course Hours:  3 units; (3-2T)  Prerequisite(s):  Computer Science 319 or 331; and Computer Science 355 or Computer Engineering 369.  back to top",computer-science,4,,
41,461,CPSC461,"Computer Science 461 Information Structures  File architecture and manipulation techniques for various file types. Physical characteristics of current mass storage devices. Advanced data structures and algorithms for implementing various sequential and hierarchical file structures. File organization and design for various applications, file systems and other storage management techniques including website design.  Course Hours:  3 units; (3-2T)  Prerequisite(s):  Computer Science 355; and 319 or 331.  back to top",computer-science,4,,
42,471,CPSC471,"Computer Science 471 Data Base Management Systems  Conceptual, internal and external data bases. Relational data base systems and SQL. The normal forms, data base design, and the entity-relationship approach.  Course Hours:  3 units; (3-2T)  Prerequisite(s):  Computer Science 319 or 331.  Antirequisite(s):  Credit for Computer Science 471 and Business Technology Management 331 will not be allowed.  back to top",computer-science,4,,
43,481,CPSC481,"Computer Science 481 Human-Computer Interaction I  Fundamental theory and practice of the design, implementation, and evaluation of human-computer interfaces. Topics include: principles of design; methods for evaluating interfaces with or without user involvement; techniques for prototyping and implementing graphical user interfaces.  Course Hours:  3 units; (3-2T)  Prerequisite(s):  3 units from Software Engineering 300, 301, Software Engineering 480 or Data Science 311.  back to top",computer-science,4,,
44,491,CPSC491,"Computer Science 491 Techniques for Numerical Computation  Elementary techniques for the numerical solution of mathematical problems on a computer, including methods for solving linear and non-linear equations, numerical integration, and interpolation.  Course Hours:  3 units; (3-2T)  Prerequisite(s):  Computer Science 319 or 331; and Mathematics 211 or 213; and 3 units from Mathematics 249, 265 or 275.  Antirequisite(s):  Credit for Computer Science 491 and any of Mathematics 391, 493 or Engineering 407 or Chemical Engineering 407 will not be allowed.  back to top",computer-science,4,,
45,499,CPSC499,"Computer Science  499 Special Topics in Computer Science  Exploration of various areas in Computer Science. Topics will vary from year-to-year. It will be offered as required to provide the opportunity for students to engage in additional areas in Computer Science. Before registration, consult the Department of Computer Science for topics offered. Course Hours:  3 units; (3-0) or (3-1T)  Prerequisite(s):  Consent of the Department.  MAY BE REPEATED FOR CREDIT  back to top",computer-science,4,,
46,501,CPSC501,Computer Science 501 Advanced Programming Techniques  Theory and application of advanced programming methods and tools. Recent issues as well as those of an enduring nature will be discussed.  Course Hours:  3 units; (3-2T)  Prerequisite(s):  Computer Science 349 or 449.  back to top,computer-science,5,,
47,502,CPSC502,"Computer Science 502 Research Project  A substantial research project under the guidance of a faculty member. A report must be written and presented on completion of the course. 502.01. Research Project in Computer Science 502.02. Research Project in Theoretical Computer Science 502.03. Research Project in Computer Graphics 502.04. Research Project in Information Security 502.05. Research Project in Scientific Computation 502.06. Research Project in Software Engineering  502.07. Research Project in Human Computer Interaction  502.08. Research Project in Networks and Distributed Computing  Course Hours:  6 units; (1-5)  Prerequisite(s):  Consent of the Department.  Antirequisite(s):  Credit for Computer Science 502 and any of 503, Software Engineering for Engineers 599 or 591 will not be allowed.  Notes:  Students intending to complete a research project in a specific area of computer science should register in the version of Computer Science 502 corresponding to that area, if such a course is available. Other students should register in Computer Science 502.01. Permission to register in Computer Science 502 is generally given only to students with a minimum GPA of 3.30 over the last 90 units. When demand exceeds capacity, registration in Computer Science 502 is limited to students in Honours programs in Computer Science.  back to top",computer-science,5,,
48,503,CPSC503,"Computer Science 503 Project  A research project conducted under the guidance of a faculty member. A report must be presented on completion of the course.  503.01. Project in Computer Science  503.02. Project in Theoretical Computer Science 503.03. Project in Computer Graphics 503.04. Project in Information Security 503.05. Project in Scientific Computation 503.06. Project in Software Engineering  503.07. Project in Human Computer Interaction  503.08. Project in Networks and Distributed Computing Course Hours:  3 units; (1-5)  Prerequisite(s):  Consent of the Department.  Antirequisite(s):  Credit for Computer Science 503 and either 502 or Software Engineering for Engineers 599 will not be allowed.  Notes:  Students intending to complete a project in a specific area of computer science should register in the version of Computer Science 503 corresponding to that area, if such a course is available. Other students should register in Computer Science 503.01.  back to top",computer-science,5,,
49,511,CPSC511,"Computer Science 511 Introduction to Complexity Theory  Time and space complexity; the classes P, LOGSPACE, PSPACE and their nondeterministic counterparts; containments and separations between complexity classes; intractability and the theory of NP-completeness; complexity theories for probabilistic algorithms and for parallel algorithms.  Course Hours:  3 units; (3-0)  Prerequisite(s):  Computer Science 413.  Antirequisite(s):  Credit for Computer Science 511 and 611 will not be allowed.  back to top",computer-science,5,,
50,513,CPSC513,Computer Science 513 Computability  Computable functions; decidable and undecidable problems; Church's thesis and recursive functions.  Course Hours:  3 units; (3-0)  Prerequisite(s):  Computer Science 313 or 351.  back to top,computer-science,5,,
51,517,CPSC517,Computer Science 517 Design and Analysis of Algorithms II  Advanced techniques for the design and analysis of deterministic and probabilistic algorithms; techniques for deriving lower bounds on the complexity of problems.  Course Hours:  3 units; (3-0)  Prerequisite(s):  Computer Science 413.  back to top,computer-science,5,,
52,518,CPSC518,"Computer Science 518 Introduction to Computer Algebra  Fundamental problems, classical and modern algorithms, and algorithm design and analysis techniques of use in computer algebra. Integer and polynomial arithmetic. Additional problems in computer algebra, possibly including problems in computational linear algebra, factorization, and concerning systems of polynomial equations will be considered as time permits.  Course Hours:  3 units; (3-0)  Prerequisite(s):  Computer Science 413; and Mathematics 211 or 213.  Antirequisite(s):  Credit for Computer Science 518 and Computer Science 667 will not be allowed.  back to top",computer-science,5,,
53,519,CPSC519,"Computer Science 519 Introduction to Quantum Computation  Introduction to quantum computing. Quantum algorithms, quantum search, quantum fourier transforms, quantum error correcting codes, quantum cryptography, nonlocality and quantum communication complexity, and quantum computational complexity.  Course Hours:  3 units; (3-2T)  Prerequisite(s):  Computer Science 413; and Mathematics 311 or 313.  Antirequisite(s):  Credit for Computer Science 519 and 619 will not be allowed.  back to top",computer-science,5,,
54,521,CPSC521,"Computer Science 521 Foundations of Functional Programming  Theoretical foundations of functional programming: the lambda-calculus, beta-reduction, confluence, and reduction strategies. Programming syntax: solving recursive equations with the Y-combinator, let and letrec, types, datatypes, and patterns. Programming in a functional language: recursion patterns, useful combinators, maps, and folds, for datatypes. Example applications: recursive descent parsing, unification, combinatorial algorithms, theorem proving.  Course Hours:  3 units; (3-2T)  Prerequisite(s):  Computer Science 313 or 351; and Computer Science 349 or 449.  back to top",computer-science,5,,
55,522,CPSC522,Computer Science  522 Introduction to Randomized Algorithms  Techniques for the design and analysis of randomized algorithms; discrete probability theory; randomized data structures; lower bound techniques; randomized complexity classes; advanced algorithmic applications from various areas.  Course Hours:  3 units; (3-2T)  Prerequisite(s):  Computer Science 413.  Antirequisite(s):  Credit for Computer Science 522 and 622 will not be allowed.  back to top,computer-science,5,,
56,525,CPSC525,"Computer Science  525 Principles of Computer Security  Security policies and protection mechanisms for a computing system, including such topics as design principles of protection systems, authentication and authorization, reference monitors, security architecture of popular platforms, formal modelling of protection systems, discretionary access control, safety analysis, information flow control, integrity, role-based access control. Legal and ethical considerations will be introduced.  Course Hours:  3 units; (3-0)  Prerequisite(s):  Computer Science 457; and 3 units from Computer Science 351, Mathematics 271 or 273.  Antirequisite(s):  Credit for Computer Science 525 and either 529 or 625 will not be allowed.  back to top",computer-science,5,,
57,526,CPSC526,"Computer Science  526 Network Systems Security  Attacks on networked systems, tools and techniques for detection and protection against attacks including firewalls and intrusion detection and protection systems, authentication and identification in distributed systems, cryptographic protocols for IP networks, security protocols for emerging networks and technologies, privacy enhancing communication. Legal and ethical issues will be introduced.  Course Hours:  3 units; (3-2T)  Prerequisite(s):  Computer Science 329 and 441.  Antirequisite(s):  Credit for Computer Science 526 and either 529 or 626 will not be allowed. Â Â Â Â Â Â Â Â Â Â Â Â back to top",computer-science,5,,
58,527,CPSC527,"Computer Science 527 Computer Viruses and Malware  Study of computer viruses, worms, Trojan horses, and other forms of malicious software. Countermeasures to malicious software. Legal and ethical issues, and some general computer and network security issues.  Course Hours:  3 units; (3-0)  Prerequisite(s):  Computer Science 313 and 457 and consent of the Department.  Antirequisite(s):  Credit for Computer Science 527 and 627 will not be allowed.  back to top",computer-science,5,,
59,528,CPSC528,"Computer Science 528 Spam and Spyware  Spam and other unsolicited bulk electronic communication, and spyware. Legal and ethical issues. Countermeasures and related security problems.  Course Hours:  3 units; (3-0)  Prerequisite(s):  Computer Science 313 and 457 and consent of the Department.  Antirequisite(s):  Credit for Computer Science 528 and 628 will not be allowed.  back to top",computer-science,5,,
60,530,CPSC530,"Computer Science  530 Information Theory and Security Information theoretic concepts such as entropy and mutual information and their applications to defining and evaluating information security systems including encryption, authentication, secret sharing and secure message transmission.  Course Hours:  3 units; (3-2T)  Prerequisite(s):  Computer Science 351; or 3 units from Computer Science 219, 233 or 235 and 3 units from Mathematics 271, 273, 315 and 3 units from Statistics 205, 213, 321.  Antirequisite(s):  Credit for Computer Science 530 and 630 will not be allowed.  back to top",computer-science,5,,
61,531,CPSC531,"Computer Science 531 Systems Modelling and Simulation  An introduction to the modelling and simulation of stochastic systems; programming language issues; model and tool design; input data modelling; simulation experiments; and the interpretation of simulation results.  Course Hours:  3 units; (3-0)  Prerequisite(s):  Computer Science 457 and 3 units from Mathematics 321, Statistics 205, 211, 213 or 321.  back to top",computer-science,5,,
62,535,CPSC535,"Computer Science 535 Introduction to Image Analysis and Computer Vision  Standard methods used in the analysis of digital images. Image acquisition and display: visual perception; digital representation. Sampling and enhancement. Feature extraction and classification methods. Object recognition.  Course Hours:  3 units; (3-0)  Prerequisite(s):  3 units from Mathematics 311, 313, 331, 353, 376, Applied Mathematics 307, 311, Pure Mathematics 331.  Antirequisite(s):  Credit for Computer Science 535 and 635 will not be allowed.  back to top",computer-science,5,,
63,544,CPSC544,"Computer Science 544 Machine Learning  Presenting various techniques for learning various kinds of knowledge, including rules, parameters, trees and graphs, partitions of sets, sequences and behaviors, and cases. Pointing out the components that can be improved using knowledge about the application area of a system. Looking at various pre-processing and post-processing improvement techniques. Course Hours:  3 units; (3-0)  Prerequisite(s):  Computer Science 433.  Antirequisite(s):  Credit for Computer Science 544 and 599.44 will not be allowed.  back to top",computer-science,5,,
64,550,CPSC550,"Computer Science 550 Systems Administration  Topics and practices in systems administration and management. Required and optional administration duties and responsibilities. Moral and ethical conundrums, and legal responsibilities, in systems operation. Configuration and installation of operating systems and network and systems services.  Course Hours:  6 units; (2-3)  Prerequisite(s):  Computer Science 441, 457 and consent of the Department.  back to top",computer-science,5,,
65,559,CPSC559,"Computer Science 559 Introduction to Distributed Systems  Designing and implementing distributed systems that overcome challenges due to concurrent computation, failure of components in the system and heterogeneity of processors and communication channels. Course Hours:  3 units; (3-0)  Prerequisite(s):  Computer Science 441 and 457.  back to top",computer-science,5,,
66,561,CPSC561,"Computer Science 561 Introduction to Distributed Algorithms  Basic problems in distributed systems such as symmetry breaking, consensus, resource allocation, and synchronization. The impact of system characteristics, such as models of communication, timing and failure, and of solution requirements, such as correctness and complexity criteria and algorithmic constraints, on the computability and complexity of these problems. Techniques for solving problems under different models will be emphasized.  Course Hours:  3 units; (3-2T)  Prerequisite(s):  Computer Science 413.  Antirequisite(s):  Credit for Computer Science 561 and 661 will not be allowed.  back to top",computer-science,5,,
67,565,CPSC565,"Computer Science 565 Emergent Computing  An insight into a new mindset for programming as an emergent and evolutionary process of ""breeding,"" rather than constructing. Programs can evolve to perform specific tasks in a bottom-up fashion rather than being manually coded. Topics will include: decentralized agent-based programming, massive parallelism and interaction, evolution, swarm intelligence.  Course Hours:  3 units; (3-0)  Prerequisite(s):  3 units from Computer Science 217, 231, Data Science 211; and 6 units offered by the Faculty of Science at the 400 level or above.  back to top",computer-science,5,,
68,567,CPSC567,"Computer Science 567 Foundations of Multi-Agent Systems  Modelling of agents and properties of multi-agent systems. Communication issues, including interaction and co-ordination concepts, forming and maintaining organizations, and competitive agent environments. Example systems; the implementation of a multi-agent system will be performed as the assignment.  Course Hours:  3 units; (3-1T)  Prerequisite(s):  Computer Science 457 and 433.  Antirequisite(s):  Credit for Computer Science 567 and 609 or Software Engineering 697 will not be allowed.  back to top",computer-science,5,,
69,568,CPSC568,"Computer Science  568 Agent Communications  An examination of communication paradigms in multi-agent systems. A number of paradigms will be covered including simple protocols, BDI (Believe, Desire, Intension), and social commitments.  Course Hours:  3 units; (3-0)  Prerequisite(s):  Computer Science 433 and consent of the Department.  Antirequisite(s):  Credit for Computer Science 568 and 662 will not be allowed.  back to top",computer-science,5,,
70,571,CPSC571,"Computer Science 571 Design and Implementation of Database Systems  Implementation and design of modern database systems including query modification/optimization, recovery, concurrency, integrity, and distribution.  Course Hours:  3 units; (3-0)  Prerequisite(s):  Computer Science 471.  Antirequisite(s):  Credit for Computer Science 571 and 671 will not be allowed.  back to top",computer-science,5,,
71,572,CPSC572,"Computer Science 572 Fundamentals of Social Network Analysis and Data Mining Introduction to data mining with emphasis on frequent pattern mining, clustering and classification, data collection, network construction, basic graph theory concepts and network analysis metrics, and case studies. Course Hours:  3 units; (3-0)  Prerequisite(s):  Computer Science 471.  Antirequisite(s):  Credit for Computer Science 572 and either 599.77 and 672 will not be allowed.  back to top",computer-science,5,,
72,575,CPSC575,"Computer Science 575 iProgramming for Creative Minds  Design, develop and market apps. This course has a focus on developing, implementing and evaluating ideas in teams and gaining entrepreneurial skills for software development and marketing. Course Hours:  3 units; (3-0) Prerequisite(s):  3 units from Software Engineering 300, 301, Data Science 311. Also known as:  (formerly Computer Science 599.72)  back to top",computer-science,5,,
73,577,CPSC577,"Computer Science 577 Biometric Technologies  Principles of biometric system design, technology and performance evaluation. Verification, identification and synthesis in biometrics. Traditional and emerging techniques for fingerprint matching, face recognition, iris modelling, signature authentication, and biometric pattern recognition. Multi-modal biometrics and information fusion. Privacy and ethics considerations in deployment of biometric systems.  Course Hours:  3 units; (3-0) Prerequisite(s):  Computer Science 453. Also known as:  (formerly Computer Science 599.97)  back to top",computer-science,5,,
74,581,CPSC581,"Computer Science 581 Human-Computer Interaction II  IntermediateÂ and advanced topics and applications in human-computer interaction, to further one's skills for designing highly interactive human-computer interfaces.  Course Hours:  3 units; (3-2)  Prerequisite(s):  Computer Science 481 and consent of the Department.  back to top",computer-science,5,,
75,583,CPSC583,"Computer Science 583 Introduction to Information Visualization  Principles of information representation, presentation and interaction. Development of mappings from data to visual structures and exploration, navigation, cues, distortion and emphasis techniques.  Course Hours:  3 units; (3-2T)  Prerequisite(s):  3 units from Computer Science 319, 331 or Data Science 311.  back to top",computer-science,5,,
76,584,CPSC584,"Computer Science  584 Human-Robot Interaction  Introduction to the design, implementation and evaluation of human-robot interfaces. Topics include the evaluation of human-robot interaction (HRI), theoretical, philosophical and ethical issues, exploration of applications and tasks, prototyping HRI tools, and practical implementation and evaluation methods.  Course Hours:  3 units; (3-2T)  Prerequisite(s):  Computer Science 481.  back to top",computer-science,5,,
77,585,CPSC585,Computer Science 585 Games Programming  Standard techniques for the implementation of computer games. Standard multimedia programming environments and high performance multimedia. Special purpose rendering engines. Interactive control and feedback; modelling.  Course Hours:  3 units; (3-2)  Prerequisite(s):  Computer Science 453 and consent of the Department.  back to top,computer-science,5,,
78,587,CPSC587,"Computer Science 587 Fundamentals of Computer Animation  Principles of traditional animation, key framing, parametric and track animation, free form deformation, inverse kinematics, dynamics, spring mass systems, particle systems, numerical integration, Lagrangian constraints, space time constraints, collisions, human animation, behavioural animation, metamorphosis, implicit animation techniques, animating liquids, gases and cloth, motion capture.  Course Hours:  3 units; (3-2T)  Prerequisite(s):  Computer Science 453.  Antirequisite(s):  Credit for Computer Science 587 and 687 will not be allowed.  back to top",computer-science,5,,
79,589,CPSC589,"Computer Science 589 Modelling for Computer Graphics  Parametric Modelling. B-splines and NURBS. Subdivision schemes. Surface subdivision. Multiresolution. Wavelets. Implicit modelling. Blends. Polygonization. Blobtree. Precise contact modelling. Solid modelling. CSG. Procedural modelling. Special topics, e.g. Differential geometry. Graph-based modelling. Topology.  Course Hours:  3 units; (3-2T)  Prerequisite(s):  Computer Science 453.  Antirequisite(s):  Credit for Computer Science 589 and 689 will not be allowed.  back to top",computer-science,5,,
80,591,CPSC591,Computer Science 591 Rendering  Physical foundations of illuminations techniques. Colour. Radiometry and photometry. Reflection models. The rendering equation. Ray tracing. Monte Carlo techniques. Sampling and antialiasing. Texturing. Radiosity. Photon tracing. Volume rendering. Image-based rendering. Real-time shading.  Course Hours:  3 units; (3-2T)  Prerequisite(s):  Computer Science 453.  Antirequisite(s):  Credit for Computer Science 591 and 691 will not be allowed.  back to top,computer-science,5,,
81,594,CPSC594,"Computer Science 594 Software Engineering Project  A software engineering project conducted under the guidance of a faculty member.  Course Hours:  6 units; (1-5)  Prerequisite(s):  Consent of the Department.  Notes:  Includes a research, writing and presentation component.  back to top",computer-science,5,,
82,598,CPSC598,Computer Science 598 Special Topics in Computer Science  New areas in Computer Science. It will be offered only as required. Before registration consult the Department of Computer Science for topics offered.  Course Hours:  6 units; (3-0)  Prerequisite(s):  Consent of the Department.  MAY BE REPEATED FOR CREDIT  back to top,computer-science,5,,
83,599,CPSC599,"Computer Science 599 Special Topics in Computer Science  Exploration of various areas in Computer Science. Topics will vary from year-to-year. It will be offered as required to provide the opportunity for students to engage in additional areas in Computer Science. Before registration, consult the Department of Computer Science for topics offered. Course Hours:  3 units; (3-0) or (3-2)  Prerequisite(s):  Consent of the Department.  MAY BE REPEATED FOR CREDIT  back to top",computer-science,5,,
84,200,ENGG200,"Engineering  200 Engineering Design, Innovation and Entrepreneurship  Introduction to agile and iterative design; interdisciplinary application of engineering principles, digital technology, design, communications, leadership, entrepreneurship and project management concepts to a team-based design project with a focus on sustainability and social licences.  Course Hours:  3 units; (3-1S-3)  Corequisite(s):  Engineering 225; and Engineering 233 or Digital Engineering 233.  Antirequisite(s):  Credit for Engineering 200 and any of Engineering 251, 253 or Energy Engineering 200 will not be allowed.  back to top",engineering,2,,
85,201,ENGG201,"Engineering 201 Behaviour of Liquids, Gases and Solids  An introduction to the behaviour of fluids and solids; phase transformations, the phase rule and phase diagrams. Ideal and real gases; equations of state and their engineering applications; simple kinetic theory; transport properties of fluids. Liquid state; vapor pressure; shear behaviour; flow of fluids in pipelines. Solids; crystalline and non-crystalline structure; non-equilibrium solid phases; electrical and thermal conductivity; dislocations; stress and strain; creep; fracture.  Course Hours:  3 units; (3-1.5T-3/2)  back to top",engineering,2,,
86,202,ENGG202,"Engineering  202 Engineering Statics  Force vectors; equilibrium of a particle in two and three dimensions; force system resultants; equilibrium of a rigid body in two and three dimensions; internal forces in trusses; frames, machines and beams; bending moment and shear force diagrams; friction; centre of gravity; centroids of areas; composite bodies.  Course Hours:  3 units; (3-1.5T)  Antirequisite(s):  Credit for Engineering 202 and either Engineering 203 or 205 will not be allowed.  back to top",engineering,2,,
87,209,ENGG209,"Engineering 209 Engineering Economics  The basic tools and methodology of engineering economic studies. Topics include investment decisions, theory of replacement, economies of scale, externalities, social decision making and government regulation. Examples are drawn from engineering projects.  Course Hours:  3 units; (3-1T)  Prerequisite(s):  Registration in the Faculty of Engineering with second-year standing or higher. If not registered in the Schulich School of Engineering, consent of the Department of Economics. If required for APEGA, consent of the Schulich Undergraduate Studies Office.  Antirequisite(s):  Credit for Engineering 209 and Economics 209 will not be allowed.  back to top",engineering,2,,
88,213,ENGG213,"Engineering  213 Engineering Communication  Professional and technical communication with a focus on developing the ability to communicate complex engineering concepts to engineers as well as general audiences. Planning and composing effective verbal, written, and graphical communication. Providing constructive and professional review and critique of presentations by peers. Identifying key points and summarizing information in a concise and informative manner.  Course Hours:  3 units; (3-0)  Antirequisite(s):  Credit for Engineering 213 and Communications Studies 363 will not be allowed.  back to top",engineering,2,,
89,225,ENGG225,"Engineering  225 Fundamentals of Electrical Circuits and Machines  Current, voltage and power; Kirchhoff's current and voltage laws; capacitors; electricity and magnetism fundamentals applied to circuit elements and machines; inductors; topics in electrical circuits and systems; instrumentation; circuit design, DC and AC circuit analysis methods; DC and AC machines; first order circuits and transient analysis.  Course Hours:  3 units; (4-3/2)  Antirequisite(s):  Credit for Engineering 225 and any of Engineering 325, Biomedical Engineering 327 or Electrical Engineering 341 will not be allowed.  back to top",engineering,2,,
90,311,ENGG311,"Engineering 311 Engineering Thermodynamics  Energy, thermodynamic systems, properties and state, temperature and the zeroth law, equilibrium, properties of the pure substance, equations of state. Work, reversibility, heat, first law, specific heats, enthalpy, ideal gas, flow systems. Entropy and the second law, Carnot cycle, thermodynamic temperature scale, process efficiencies, cycles, calculation of entropy change, exergy analysis.  Course Hours:  3 units; (3-1.5T-3/2)  Prerequisite(s):  Engineering 201; and Mathematics 275 or Applied Mathematics 217.  back to top",engineering,3,,
91,317,ENGG317,"Engineering 317 Mechanics of Solids  Axial-force, shear-force and bending moment diagrams; stress and strain; stress-strain relations; elastic and plastic behaviour; elastic constants; simple statically indeterminate (one-degree) problems; review of moment of inertia, product of inertia and principal axes of inertia; elastic torsion of circular shafts; elastic and plastic bending about principal axes of beams with symmetrical cross-section; composite beams; shear stresses due to bending; Mohr's circle for stress; thin-walled pressure vessels; deflection of beams by integration; Euler buckling.  Course Hours:  3 units; (3-1.5T-3/2)  Prerequisite(s):  Engineering 202; and Mathematics 275 or Applied Mathematics 217.  back to top",engineering,3,,
92,349,ENGG349,"Engineering 349 Dynamics  Kinematics of particles and rigid bodies: rectilinear, curvilinear and general plane motion. Kinetics of particles and planar rigid bodies: Newtonâs 2nd Law, Principle of Work and Energy, Principle of Impulse and Momentum. Introduction to three dimensional rigid body dynamics.  Course Hours:  3 units; (3-1.5T)  Prerequisite(s):  Engineering 202 or Energy Engineering 260; and Mathematics 275 or Applied Mathematics 217; and Mathematics 277 or Applied Mathematics 219 or Mathematics 331.  back to top",engineering,3,,
93,391,ENGG391,Engineering 391 Advanced Topics I  Special topics in engineering and engineering complementary studies.  Course Hours:  1.5 units; (1.5-0)  Prerequisite(s):  Consent of the Associate Dean (Academic & Planning).  MAY BE REPEATED FOR CREDIT  back to top,engineering,3,,
94,393,ENGG393,Engineering 393 Advanced Topics II  Special topics in engineering and engineering complementary studies.  Course Hours:  3 units; (3-0)  Prerequisite(s):  Consent of the Associate Dean (Academic & Planning).  MAY BE REPEATED FOR CREDIT  back to top,engineering,3,,
95,481,ENGG481,"Engineering 481 Technology and Society  An interpretive course on the interrelationship between technology and society. The first part of the course surveys significant historical developments within disciplinary areas such as energy, materials, production processes, structures, transport, communications, and computation. Sequence within each area: discovery, development, application, impact, future. Social and economic consequences are also considered. Historical contributions of Indigenous Peoples in technology and contemporary considerations of impacts of technology on Indigenous rights. The latter part of the course explores contemporary problems of society and technology.  Course Hours:  3 units; (3-1.5S)  back to top",engineering,4,,
96,501,ENGG501,"Engineering  501 Senior Capstone Design Project I  A team-based design course in which students apply the knowledge and skills acquired in earlier courses while refining their skills in teamwork and project management. Students work towards innovative, solutions to industry-sponsored design projects, and engage in individual critical reflection on their course activities, team performance, and on their growth as an engineering designer within their undergraduate program. Course Hours:  3 units; (0-4)  Prerequisite(s):  Fourth-year standing or higher.  Notes:  Engineering 501 and 502 are a required two-course sequence that must be completed in the same academic year. Concurrent enrolment in Engineering 501 and one or more of Internship 513.01, 513.02, 513.03, and 513.04 will not be allowed.  back to top",engineering,5,,
97,502,ENGG502,"Engineering  502 Senior Capstone Design Project II  A continuation of the capstone design project, where student teams build on their design work in Part I.  Course Hours:  3 units; (0-4)  Prerequisite(s):  Engineering 501.  Notes:  Engineering 501 and 502 are a required two-course sequence that must be completed in the same academic year. back to top",engineering,5,,
98,503,ENGG503,"Engineering  503 Entrepreneurial Capstone Design Project I  A team-based design course in which students apply the knowledge and skills acquired in earlier courses while refining their skills in teamwork and project management. Students work towards innovative solutions to design projects with an entrepreneurial focus, and engage in individual critical reflection on their course activities, team performance, and on their growth as an engineering designer within their undergraduate program.  Course Hours:  3 units; (0-4)  Prerequisite(s):  Fourth-year standing or higher.  Notes:  Engineering 503 and 504 are a required two-course sequence that must be completed in the same academic year. Concurrent enrolment in Engineering 503 and one or more of Internship 513.01, 513.02, 513.03, and 513.04 will not be allowed.  back to top",engineering,5,,
99,504,ENGG504,"Engineering  504 Entrepreneurial Capstone Design Project II  A continuation of the entrepreneurial capstone design project, where student teams build on their design work in Part I.  Course Hours:  3 units; (0-4)  Prerequisite(s):  Engineering 503.  Notes:  Engineering 503 and 504 are a required two-course sequence that must be completed in the same academic year. back to top",engineering,5,,
100,513,ENGG513,Engineering 513 The Role and Responsibilities of the Professional Engineer in Society  The professional duties and responsibilities of the engineer as they relate to society. Ethics and the engineering profession. Public and worker safety and health. Design for safety. Sustainable development. The engineer and the environment. Environmental stewardship. Essentials of leadership. Gender issues. Employment equity. Fundamentals of Engineering Law. Professional organizations. The Engineering Professions Act. Indigenous perspectives in engineering. Course Hours:  3 units; (3-0)  Prerequisite(s):  Third-year standing or higher.  back to top,engineering,5,,
101,515,ENGG515,"Engineering  515 Project Management for Engineers  Covers the application of project management principles such as planning, scope development, design, procurement, construction, commissioning and start-up to engineering projects. Class reviews aspects of a current major engineering projects and case studies.  Course Hours:  3 units; (3-2T)  Antirequisite(s):  Credit for Engineering 515 and Manufacturing Engineering 527 will not be allowed.  back to top",engineering,5,,
102,517,ENGG517,"Engineering 517 Engineering Safety  Introduction to Professional Responsibility, Risk Management and Identification, Process Safety Management, Incident Investigation and Reporting; Engineering Ethics and Public Safety; Key national safety codes, standards and regulations, Business case for safety, and common best practices, fundamentals of Crisis and Emergency Management, change management to successful incorporate safety into teams and the design process; Engineering Discipline specific Engineering Safety Management including Electrical Safety, Chemical Safety, Fire, Dust Hazard and Explosions, and Biological Risks.  Course Hours:  3 units; (3-0)  back to top",engineering,5,,
103,519,ENGG519,Engineering  519 Special Topics in Engineering  Current topics in Engineering.  Course Hours:  3 units; (3-2) or (3-0)  Prerequisite(s):  Consent of the studentâs department.  MAY BE REPEATED FOR CREDIT  back to top,engineering,5,,
104,521,ENGG521,"Engineering  521 Art and Engineering  Focuses on history, concepts, contemporary issues, and techniques of engineering in art. Topics may include Arithmetic and Geometry, Proportion, Formalism, Symmetry, Computation, Geometric Abstraction, and Mathematics as they relate to historical, theoretical and critical contexts in Art. Students will gain experience and a working knowledge of concept development and creation of engineering-inspired art projects.  Course Hours:  3 units; (3-1.5T)  back to top",engineering,5,,
105,523,ENGG523,"Engineering  523 Bio-inspired Design  This course explores the principles and systems behind evolved natural constructions and processes, and transferring these to device and system design: abstractions of functional morphologies lead to new technical concepts and prototypes. Topics in this course may include: design by analogy, functional morphology, principles and techniques of biomimicry, bio-inspired design methods, technical sketching, bio-inspired computation and modelling, and biomimetic concepts such as self healing, growth, and self-organization.  Course Hours:  3 units; (3-1.5T)  back to top",engineering,5,,
106,525,ENGG525,"Engineering  525 Engineering Entrepreneurship  This highly experiential course helps the engineering student build a personal practice in entrepreneurship, design thinking, and human-centered design for innovation. Topics include the entrepreneurial mindset; idea generation, validation, and feasibility analysis; product pretotyping and prototyping; and the basics of business design and execution. Leading edge practical tools and frameworks are examined and put to use in authentic learning activities that teach the student to get to first revenues.  Course Hours:  3 units; (3-1.5T)  Antirequisite(s):  Credit for Engineering 525 and 519.01 will not be allowed.  back to top",engineering,5,,
107,599,ENGG599,"Engineering  599 Individual Engineering Project  Individual work on an assigned Engineering project under the supervision of a faculty member. The project will normally involve a literature review, theoretical work, and laboratory or field work. Engineering Communications, including written reports, logbooks and oral presentations.  Course Hours:  3 units; (0-6)  Prerequisite(s):  Consent of the project supervisor and the studentâs department.  back to top",engineering,5,,
,,,,,,,
,,,,,,,
,,,,,,,
,,,,,,,
,,,,,,,
,,,,,,,
,,,,,,,
,,,,,,,
,,,,,,,
,,,,,,,
,,,,,,,
,,,,,,,
,,,,,,,
,,,,,,,
,,,,,,,
,,,,,,,
,,,,,,,
,,,,,,,
,,,,,,,
,,,,,,,
,,,,,,,
,,,,,,,
,,,,,,,
,,,,,,,
,,,,,,,
,,,,,,,
,,,,,,,
,,,,,,,
,,,,,,,
,,,,,,,
,,,,,,,
,,,,,,,
,,,,,,,
,,,,,,,
,,,,,,,
,,,,,,,
,,,,,,,
,,,,,,,
,,,,,,,
,,,,,,,
,,,,,,,
,,,,,,,
,,,,,,,
,,,,,,,
,,,,,,,
,,,,,,,
,,,,,,,
,,,,,,,
,,,,,,,
,,,,,,,
,,,,,,,
,,,,,,,
,,,,,,,
,,,,,,,
,,,,,,,
,,,,,,,
,,,,,,,
,,,,,,,
,,,,,,,
,,,,,,,
,,,,,,,
,,,,,,,
,,,,,,,
,,,,,,,
,,,,,,,
,,,,,,,
,,,,,,,
,,,,,,,
,,,,,,,
,,,,,,,
,,,,,,,
,,,,,,,
,,,,,,,
,,,,,,,
,,,,,,,
,,,,,,,
,,,,,,,
,,,,,,,
,,,,,,,
,,,,,,,
,,,,,,,
,,,,,,,
,,,,,,,
,,,,,,,
,,,,,,,
,,,,,,,
,,,,,,,
,,,,,,,
,,,,,,,
,,,,,,,
,,,,,,,
,,,,,,,
,,,,,,,
,,,,,,,
,,,,,,,
,,,,,,,
,,,,,,,
,,,,,,,
,,,,,,,
,,,,,,,
,,,,,,,
,,,,,,,
,,,,,,,
,,,,,,,
,,,,,,,
,,,,,,,
,,,,,,,
,,,,,,,
,,,,,,,
,,,,,,,
,,,,,,,
,,,,,,,
,,,,,,,
,,,,,,,
,,,,,,,
,,,,,,,
,,,,,,,
,,,,,,,
,,,,,,,
,,,,,,,
,,,,,,,
,,,,,,,
,,,,,,,
,,,,,,,
,,,,,,,
,,,,,,,
,,,,,,,
,,,,,,,
,,,,,,,
,,,,,,,
,,,,,,,
,,,,,,,
,,,,,,,
,,,,,,,
,,,,,,,
,,,,,,,
,,,,,,,
,,,,,,,
,,,,,,,
,,,,,,,
,,,,,,,
,,,,,,,
,,,,,,,
,,,,,,,
,,,,,,,
,,,,,,,
,,,,,,,
,,,,,,,
,,,,,,,
,,,,,,,
,,,,,,,
,,,,,,,
,,,,,,,
,,,,,,,
,,,,,,,
,,,,,,,
,,,,,,,
,,,,,,,
,,,,,,,
,,,,,,,
,,,,,,,
,,,,,,,
,,,,,,,
,,,,,,,
,,,,,,,
,,,,,,,
,,,,,,,
,,,,,,,
,,,,,,,
,,,,,,,
,,,,,,,
,,,,,,,
,,,,,,,
,,,,,,,
,,,,,,,
,,,,,,,
,,,,,,,
,,,,,,,
,,,,,,,
,,,,,,,
,,,,,,,
,,,,,,,
,,,,,,,
,,,,,,,
,,,,,,,
,,,,,,,
,,,,,,,
,,,,,,,
,,,,,,,
,,,,,,,
,,,,,,,
,,,,,,,
,,,,,,,
,,,,,,,
,,,,,,,
,,,,,,,
,,,,,,,
,,,,,,,
,,,,,,,
,,,,,,,
,,,,,,,
,,,,,,,
,,,,,,,
,,,,,,,
,,,,,,,
,,,,,,,
,,,,,,,
,,,,,,,
,,,,,,,
,,,,,,,
,,,,,,,
,,,,,,,
,,,,,,,
,,,,,,,
,,,,,,,
,,,,,,,
,,,,,,,
,,,,,,,
,,,,,,,
,,,,,,,
,,,,,,,
,,,,,,,
,,,,,,,
,,,,,,,
,,,,,,,
,,,,,,,
,,,,,,,
,,,,,,,
,,,,,,,
,,,,,,,
,,,,,,,
,,,,,,,
,,,,,,,
,,,,,,,
,,,,,,,
,,,,,,,
,,,,,,,
,,,,,,,
,,,,,,,
,,,,,,,
,,,,,,,
,,,,,,,
,,,,,,,
,,,,,,,
,,,,,,,
,,,,,,,
,,,,,,,
,,,,,,,
,,,,,,,
,,,,,,,
,,,,,,,
,,,,,,,
,,,,,,,
,,,,,,,
,,,,,,,
,,,,,,,
,,,,,,,
,,,,,,,
,,,,,,,
,,,,,,,
,,,,,,,
,,,,,,,
,,,,,,,
,,,,,,,
,,,,,,,
,,,,,,,
,,,,,,,
,,,,,,,
,,,,,,,
,,,,,,,
,,,,,,,
,,,,,,,
,,,,,,,
,,,,,,,
,,,,,,,
,,,,,,,
,,,,,,,
,,,,,,,
,,,,,,,
,,,,,,,
,,,,,,,
,,,,,,,
,,,,,,,
,,,,,,,
,,,,,,,
,,,,,,,
,,,,,,,
,,,,,,,
,,,,,,,
,,,,,,,
,,,,,,,
,,,,,,,
,,,,,,,
,,,,,,,
,,,,,,,
,,,,,,,
,,,,,,,
,,,,,,,
,,,,,,,
,,,,,,,
,,,,,,,
,,,,,,,
,,,,,,,
,,,,,,,
,,,,,,,
,,,,,,,
,,,,,,,
,,,,,,,
,,,,,,,
,,,,,,,
,,,,,,,
,,,,,,,
,,,,,,,
,,,,,,,
,,,,,,,
,,,,,,,
,,,,,,,
,,,,,,,
,,,,,,,
,,,,,,,
,,,,,,,
,,,,,,,
,,,,,,,
,,,,,,,
,,,,,,,
,,,,,,,
,,,,,,,
,,,,,,,
,,,,,,,
,,,,,,,
,,,,,,,
,,,,,,,
,,,,,,,
,,,,,,,
,,,,,,,
,,,,,,,
,,,,,,,
,,,,,,,
,,,,,,,
,,,,,,,
,,,,,,,
,,,,,,,
,,,,,,,
,,,,,,,
,,,,,,,
,,,,,,,
,,,,,,,
,,,,,,,
,,,,,,,
,,,,,,,
,,,,,,,
,,,,,,,
,,,,,,,
,,,,,,,
,,,,,,,
,,,,,,,
,,,,,,,
,,,,,,,
,,,,,,,
,,,,,,,
,,,,,,,
,,,,,,,
,,,,,,,
,,,,,,,
,,,,,,,
,,,,,,,
,,,,,,,
,,,,,,,
,,,,,,,
,,,,,,,
,,,,,,,
,,,,,,,
,,,,,,,
,,,,,,,
,,,,,,,
,,,,,,,
,,,,,,,
,,,,,,,
,,,,,,,
,,,,,,,
,,,,,,,
,,,,,,,
,,,,,,,
,,,,,,,
,,,,,,,
,,,,,,,
,,,,,,,
,,,,,,,
,,,,,,,
,,,,,,,
,,,,,,,
,,,,,,,
,,,,,,,
,,,,,,,
,,,,,,,
,,,,,,,
,,,,,,,
,,,,,,,
,,,,,,,
,,,,,,,
,,,,,,,
,,,,,,,
,,,,,,,
,,,,,,,
,,,,,,,
,,,,,,,
,,,,,,,
,,,,,,,
,,,,,,,
,,,,,,,
,,,,,,,
,,,,,,,
,,,,,,,
,,,,,,,
,,,,,,,
,,,,,,,
,,,,,,,
,,,,,,,
,,,,,,,
,,,,,,,
,,,,,,,
,,,,,,,
,,,,,,,
,,,,,,,
,,,,,,,
,,,,,,,
,,,,,,,
,,,,,,,
,,,,,,,
,,,,,,,
,,,,,,,
,,,,,,,
,,,,,,,
,,,,,,,
,,,,,,,
,,,,,,,
,,,,,,,
,,,,,,,
,,,,,,,
,,,,,,,
,,,,,,,
,,,,,,,
,,,,,,,
,,,,,,,
,,,,,,,
,,,,,,,
,,,,,,,
,,,,,,,
,,,,,,,
,,,,,,,
,,,,,,,
,,,,,,,
,,,,,,,
,,,,,,,
,,,,,,,
,,,,,,,
,,,,,,,
,,,,,,,
,,,,,,,
,,,,,,,
,,,,,,,
,,,,,,,
,,,,,,,
,,,,,,,
,,,,,,,
,,,,,,,
,,,,,,,
,,,,,,,
,,,,,,,
,,,,,,,
,,,,,,,
,,,,,,,
,,,,,,,
,,,,,,,
,,,,,,,
,,,,,,,
,,,,,,,
,,,,,,,
,,,,,,,
,,,,,,,
,,,,,,,
,,,,,,,
,,,,,,,
,,,,,,,
,,,,,,,
,,,,,,,
,,,,,,,
,,,,,,,
,,,,,,,
,,,,,,,
,,,,,,,
,,,,,,,
,,,,,,,
,,,,,,,
,,,,,,,
,,,,,,,
,,,,,,,
,,,,,,,
,,,,,,,
,,,,,,,
,,,,,,,
,,,,,,,
,,,,,,,
,,,,,,,
,,,,,,,
,,,,,,,
,,,,,,,
,,,,,,,
,,,,,,,
,,,,,,,
,,,,,,,
,,,,,,,
,,,,,,,
,,,,,,,
,,,,,,,
,,,,,,,
,,,,,,,
,,,,,,,
,,,,,,,
,,,,,,,
,,,,,,,
,,,,,,,
,,,,,,,
,,,,,,,
,,,,,,,
,,,,,,,
,,,,,,,
,,,,,,,
,,,,,,,
,,,,,,,
,,,,,,,
,,,,,,,
,,,,,,,
,,,,,,,
,,,,,,,
,,,,,,,
,,,,,,,
,,,,,,,
,,,,,,,
,,,,,,,
,,,,,,,
,,,,,,,
,,,,,,,
,,,,,,,
,,,,,,,
,,,,,,,
,,,,,,,
,,,,,,,
,,,,,,,
,,,,,,,
,,,,,,,
,,,,,,,
,,,,,,,
,,,,,,,
,,,,,,,
,,,,,,,
,,,,,,,
,,,,,,,
,,,,,,,
,,,,,,,
,,,,,,,
,,,,,,,
,,,,,,,
,,,,,,,
,,,,,,,
,,,,,,,
,,,,,,,
,,,,,,,
,,,,,,,
,,,,,,,
,,,,,,,
,,,,,,,
,,,,,,,
,,,,,,,
,,,,,,,
,,,,,,,
,,,,,,,
,,,,,,,
,,,,,,,
,,,,,,,
,,,,,,,
,,,,,,,
,,,,,,,
,,,,,,,
,,,,,,,
,,,,,,,
,,,,,,,
,,,,,,,
,,,,,,,
,,,,,,,
,,,,,,,
,,,,,,,
,,,,,,,
,,,,,,,
,,,,,,,
,,,,,,,
,,,,,,,
,,,,,,,
,,,,,,,
,,,,,,,
,,,,,,,
,,,,,,,
,,,,,,,
,,,,,,,
,,,,,,,
,,,,,,,
,,,,,,,
,,,,,,,
,,,,,,,
,,,,,,,
,,,,,,,
,,,,,,,
,,,,,,,
,,,,,,,
,,,,,,,
,,,,,,,
,,,,,,,
,,,,,,,
,,,,,,,
,,,,,,,
,,,,,,,
,,,,,,,
,,,,,,,
,,,,,,,
,,,,,,,
,,,,,,,
,,,,,,,
,,,,,,,
,,,,,,,
,,,,,,,
,,,,,,,
,,,,,,,
,,,,,,,
,,,,,,,
,,,,,,,
,,,,,,,
,,,,,,,
,,,,,,,
,,,,,,,
,,,,,,,
,,,,,,,
,,,,,,,
,,,,,,,
,,,,,,,
,,,,,,,
,,,,,,,
,,,,,,,
,,,,,,,
,,,,,,,
,,,,,,,
,,,,,,,
,,,,,,,
,,,,,,,
,,,,,,,
,,,,,,,
,,,,,,,
,,,,,,,
,,,,,,,
,,,,,,,
,,,,,,,
,,,,,,,
,,,,,,,
,,,,,,,
,,,,,,,
,,,,,,,
,,,,,,,
,,,,,,,
,,,,,,,
,,,,,,,
,,,,,,,
,,,,,,,
,,,,,,,
,,,,,,,
,,,,,,,
,,,,,,,
,,,,,,,
,,,,,,,
,,,,,,,
,,,,,,,
,,,,,,,
,,,,,,,
,,,,,,,
,,,,,,,
,,,,,,,
,,,,,,,
,,,,,,,
,,,,,,,
,,,,,,,
,,,,,,,
,,,,,,,
,,,,,,,
,,,,,,,
,,,,,,,
,,,,,,,
,,,,,,,
,,,,,,,
,,,,,,,
,,,,,,,
,,,,,,,
,,,,,,,
,,,,,,,
,,,,,,,
,,,,,,,
,,,,,,,
,,,,,,,
,,,,,,,
,,,,,,,
,,,,,,,
,,,,,,,
,,,,,,,
,,,,,,,
,,,,,,,
,,,,,,,
,,,,,,,
,,,,,,,
,,,,,,,
,,,,,,,
,,,,,,,
,,,,,,,
,,,,,,,
,,,,,,,
,,,,,,,
,,,,,,,
,,,,,,,
,,,,,,,
,,,,,,,
,,,,,,,
,,,,,,,
,,,,,,,
,,,,,,,
,,,,,,,
,,,,,,,
,,,,,,,
,,,,,,,
,,,,,,,
,,,,,,,
,,,,,,,
,,,,,,,
,,,,,,,
,,,,,,,
,,,,,,,
,,,,,,,
,,,,,,,
,,,,,,,
,,,,,,,
,,,,,,,
,,,,,,,
,,,,,,,
,,,,,,,
,,,,,,,
,,,,,,,
,,,,,,,
,,,,,,,
,,,,,,,
,,,,,,,
,,,,,,,
,,,,,,,
,,,,,,,
,,,,,,,
,,,,,,,
,,,,,,,
,,,,,,,
,,,,,,,
,,,,,,,
,,,,,,,
,,,,,,,
,,,,,,,
,,,,,,,
,,,,,,,
,,,,,,,
,,,,,,,
,,,,,,,
,,,,,,,
,,,,,,,
,,,,,,,
,,,,,,,
,,,,,,,
,,,,,,,
,,,,,,,
,,,,,,,
,,,,,,,
,,,,,,,
,,,,,,,
,,,,,,,
,,,,,,,
,,,,,,,
,,,,,,,
,,,,,,,
,,,,,,,
,,,,,,,
,,,,,,,
,,,,,,,
,,,,,,,
,,,,,,,
,,,,,,,
,,,,,,,
,,,,,,,
,,,,,,,
,,,,,,,
,,,,,,,
,,,,,,,
,,,,,,,
,,,,,,,
,,,,,,,
,,,,,,,
,,,,,,,
,,,,,,,
,,,,,,,
,,,,,,,
,,,,,,,
,,,,,,,
,,,,,,,
,,,,,,,
,,,,,,,
,,,,,,,
,,,,,,,
,,,,,,,
,,,,,,,
,,,,,,,
,,,,,,,
,,,,,,,
,,,,,,,
,,,,,,,
,,,,,,,
,,,,,,,
,,,,,,,
,,,,,,,
,,,,,,,
,,,,,,,
,,,,,,,
,,,,,,,
,,,,,,,
,,,,,,,
,,,,,,,
,,,,,,,
,,,,,,,
,,,,,,,
,,,,,,,
,,,,,,,
,,,,,,,
,,,,,,,
,,,,,,,
,,,,,,,
,,,,,,,
,,,,,,,
,,,,,,,
,,,,,,,
,,,,,,,
,,,,,,,
,,,,,,,
,,,,,,,
,,,,,,,
,,,,,,,
,,,,,,,
,,,,,,,
,,,,,,,
,,,,,,,
,,,,,,,
,,,,,,,
,,,,,,,
,,,,,,,
,,,,,,,
,,,,,,,
,,,,,,,
,,,,,,,
,,,,,,,
,,,,,,,
,,,,,,,
,,,,,,,
,,,,,,,
,,,,,,,
,,,,,,,
,,,,,,,
,,,,,,,
,,,,,,,
,,,,,,,
,,,,,,,
,,,,,,,
,,,,,,,
,,,,,,,
,,,,,,,
,,,,,,,
,,,,,,,
,,,,,,,
,,,,,,,
,,,,,,,
,,,,,,,
,,,,,,,
,,,,,,,
,,,,,,,
,,,,,,,
,,,,,,,
,,,,,,,
,,,,,,,
,,,,,,,
,,,,,,,
,,,,,,,
,,,,,,,
,,,,,,,
,,,,,,,
,,,,,,,
,,,,,,,
,,,,,,,
,,,,,,,
,,,,,,,
,,,,,,,
,,,,,,,
,,,,,,,
,,,,,,,
,,,,,,,
,,,,,,,
,,,,,,,
,,,,,,,
,,,,,,,
,,,,,,,
,,,,,,,
,,,,,,,
,,,,,,,
,,,,,,,
,,,,,,,
,,,,,,,
,,,,,,,
,,,,,,,
,,,,,,,
,,,,,,,
,,,,,,,
,,,,,,,
,,,,,,,
,,,,,,,
,,,,,,,
,,,,,,,
,,,,,,,
,,,,,,,
,,,,,,,
,,,,,,,
,,,,,,,
,,,,,,,
,,,,,,,
,,,,,,,
,,,,,,,
,,,,,,,
,,,,,,,
,,,,,,,
,,,,,,,
,,,,,,,
,,,,,,,
,,,,,,,
,,,,,,,
,,,,,,,
,,,,,,,
,,,,,,,
,,,,,,,
,,,,,,,
,,,,,,,
,,,,,,,
,,,,,,,
,,,,,,,
,,,,,,,
,,,,,,,
,,,,,,,
,,,,,,,
,,,,,,,
,,,,,,,
,,,,,,,
,,,,,,,
,,,,,,,
,,,,,,,
,,,,,,,
,,,,,,,
,,,,,,,
,,,,,,,
,,,,,,,
,,,,,,,
,,,,,,,
,,,,,,,
,,,,,,,
,,,,,,,
,,,,,,,
,,,,,,,
,,,,,,,
,,,,,,,
,,,,,,,
,,,,,,,
,,,,,,,
,,,,,,,
,,,,,,,
,,,,,,,
,,,,,,,
,,,,,,,
,,,,,,,
,,,,,,,
,,,,,,,
,,,,,,,
,,,,,,,
,,,,,,,
,,,,,,,
,,,,,,,
,,,,,,,
,,,,,,,
,,,,,,,
,,,,,,,
,,,,,,,
,,,,,,,
,,,,,,,
,,,,,,,
,,,,,,,
,,,,,,,
,,,,,,,
,,,,,,,
,,,,,,,
,,,,,,,
,,,,,,,
,,,,,,,
,,,,,,,
,,,,,,,
,,,,,,,
,,,,,,,
,,,,,,,
,,,,,,,
,,,,,,,
,,,,,,,
,,,,,,,
,,,,,,,
,,,,,,,
,,,,,,,
,,,,,,,
,,,,,,,
,,,,,,,
,,,,,,,
,,,,,,,
,,,,,,,
,,,,,,,
,,,,,,,
,,,,,,,
,,,,,,,
,,,,,,,
,,,,,,,
,,,,,,,
,,,,,,,
,,,,,,,
,,,,,,,
,,,,,,,
,,,,,,,
,,,,,,,
,,,,,,,
,,,,,,,
,,,,,,,
,,,,,,,
,,,,,,,
,,,,,,,
,,,,,,,
,,,,,,,
,,,,,,,
,,,,,,,
,,,,,,,
,,,,,,,
,,,,,,,
,,,,,,,
,,,,,,,
,,,,,,,
,,,,,,,
,,,,,,,
,,,,,,,
,,,,,,,
,,,,,,,
,,,,,,,
,,,,,,,
,,,,,,,
,,,,,,,
,,,,,,,
,,,,,,,
,,,,,,,
,,,,,,,
,,,,,,,
,,,,,,,
,,,,,,,
,,,,,,,
,,,,,,,
,,,,,,,
,,,,,,,
,,,,,,,
,,,,,,,
,,,,,,,
,,,,,,,
,,,,,,,
,,,,,,,
,,,,,,,
,,,,,,,
,,,,,,,
,,,,,,,
,,,,,,,
,,,,,,,
,,,,,,,
,,,,,,,
,,,,,,,
,,,,,,,
,,,,,,,
,,,,,,,
,,,,,,,
,,,,,,,
,,,,,,,
,,,,,,,
,,,,,,,
,,,,,,,
,,,,,,,
,,,,,,,
,,,,,,,
,,,,,,,
,,,,,,,
,,,,,,,
,,,,,,,
,,,,,,,
,,,,,,,
,,,,,,,
,,,,,,,
,,,,,,,
,,,,,,,
,,,,,,,
,,,,,,,
,,,,,,,
,,,,,,,
,,,,,,,
,,,,,,,
,,,,,,,
,,,,,,,
,,,,,,,
,,,,,,,
,,,,,,,
,,,,,,,
,,,,,,,
,,,,,,,
,,,,,,,
,,,,,,,
,,,,,,,
,,,,,,,
,,,,,,,
,,,,,,,
,,,,,,,
,,,,,,,
,,,,,,,
,,,,,,,
,,,,,,,
,,,,,,,
,,,,,,,
,,,,,,,
,,,,,,,
,,,,,,,
,,,,,,,
,,,,,,,
,,,,,,,
,,,,,,,
,,,,,,,
,,,,,,,
,,,,,,,
,,,,,,,
,,,,,,,
,,,,,,,
,,,,,,,
,,,,,,,
,,,,,,,
,,,,,,,
,,,,,,,
,,,,,,,
,,,,,,,
,,,,,,,
,,,,,,,
,,,,,,,
,,,,,,,
,,,,,,,
,,,,,,,
,,,,,,,
,,,,,,,
,,,,,,,
,,,,,,,
,,,,,,,
,,,,,,,
,,,,,,,
,,,,,,,
,,,,,,,
,,,,,,,
,,,,,,,
,,,,,,,
,,,,,,,
,,,,,,,
,,,,,,,
,,,,,,,
,,,,,,,
,,,,,,,
,,,,,,,
,,,,,,,
,,,,,,,
,,,,,,,
,,,,,,,
,,,,,,,
,,,,,,,
,,,,,,,
,,,,,,,
,,,,,,,
,,,,,,,
,,,,,,,
,,,,,,,
,,,,,,,
,,,,,,,
,,,,,,,
,,,,,,,
,,,,,,,
,,,,,,,
,,,,,,,
,,,,,,,
,,,,,,,
,,,,,,,
,,,,,,,
,,,,,,,
,,,,,,,
,,,,,,,
,,,,,,,
,,,,,,,
,,,,,,,
,,,,,,,
,,,,,,,
,,,,,,,
,,,,,,,
,,,,,,,
,,,,,,,
,,,,,,,
,,,,,,,
,,,,,,,
,,,,,,,
,,,,,,,
,,,,,,,
,,,,,,,
,,,,,,,
,,,,,,,
,,,,,,,
,,,,,,,
,,,,,,,
,,,,,,,
,,,,,,,
,,,,,,,
,,,,,,,
,,,,,,,
,,,,,,,
,,,,,,,
,,,,,,,
,,,,,,,
,,,,,,,
,,,,,,,
,,,,,,,
,,,,,,,
,,,,,,,
,,,,,,,
,,,,,,,
,,,,,,,
,,,,,,,
,,,,,,,
,,,,,,,
,,,,,,,
,,,,,,,
,,,,,,,
,,,,,,,
,,,,,,,
,,,,,,,
,,,,,,,
,,,,,,,
,,,,,,,
,,,,,,,
,,,,,,,
,,,,,,,
,,,,,,,
,,,,,,,
,,,,,,,
,,,,,,,
,,,,,,,
,,,,,,,
,,,,,,,
,,,,,,,
,,,,,,,
,,,,,,,
,,,,,,,
,,,,,,,
,,,,,,,
,,,,,,,
,,,,,,,
,,,,,,,
,,,,,,,
,,,,,,,
,,,,,,,
,,,,,,,
,,,,,,,
,,,,,,,
,,,,,,,
,,,,,,,
,,,,,,,
,,,,,,,
,,,,,,,
,,,,,,,
,,,,,,,
,,,,,,,
,,,,,,,
,,,,,,,
,,,,,,,
,,,,,,,
,,,,,,,
,,,,,,,
,,,,,,,
,,,,,,,
,,,,,,,
,,,,,,,
,,,,,,,
,,,,,,,
,,,,,,,
,,,,,,,
,,,,,,,
,,,,,,,
,,,,,,,
,,,,,,,
,,,,,,,
,,,,,,,
,,,,,,,
,,,,,,,
,,,,,,,
,,,,,,,
,,,,,,,
,,,,,,,
,,,,,,,
,,,,,,,
,,,,,,,
,,,,,,,
,,,,,,,
,,,,,,,
,,,,,,,
,,,,,,,
,,,,,,,
,,,,,,,
,,,,,,,
,,,,,,,
,,,,,,,
,,,,,,,
,,,,,,,
,,,,,,,
,,,,,,,
,,,,,,,
,,,,,,,
,,,,,,,
,,,,,,,
,,,,,,,
,,,,,,,
,,,,,,,
,,,,,,,
,,,,,,,
,,,,,,,
,,,,,,,
,,,,,,,
,,,,,,,
,,,,,,,
,,,,,,,
,,,,,,,
,,,,,,,
,,,,,,,
,,,,,,,
,,,,,,,
,,,,,,,
,,,,,,,
,,,,,,,
,,,,,,,
,,,,,,,
,,,,,,,
,,,,,,,
,,,,,,,
,,,,,,,
,,,,,,,
,,,,,,,
,,,,,,,
,,,,,,,
,,,,,,,
,,,,,,,
,,,,,,,
,,,,,,,
,,,,,,,
,,,,,,,
,,,,,,,
,,,,,,,
,,,,,,,
,,,,,,,
,,,,,,,
,,,,,,,
,,,,,,,
,,,,,,,
,,,,,,,
,,,,,,,
,,,,,,,
,,,,,,,
,,,,,,,
,,,,,,,
,,,,,,,
,,,,,,,
,,,,,,,
,,,,,,,
,,,,,,,
,,,,,,,
,,,,,,,
,,,,,,,
,,,,,,,
,,,,,,,
,,,,,,,
,,,,,,,
,,,,,,,
,,,,,,,
,,,,,,,
,,,,,,,
,,,,,,,
,,,,,,,
,,,,,,,
,,,,,,,
,,,,,,,
,,,,,,,
,,,,,,,
,,,,,,,
,,,,,,,
,,,,,,,
,,,,,,,
,,,,,,,
,,,,,,,
,,,,,,,
,,,,,,,
,,,,,,,
,,,,,,,
,,,,,,,
,,,,,,,
,,,,,,,
,,,,,,,
,,,,,,,
,,,,,,,
,,,,,,,
,,,,,,,
,,,,,,,
,,,,,,,
,,,,,,,
,,,,,,,
,,,,,,,
,,,,,,,
,,,,,,,
,,,,,,,
,,,,,,,
,,,,,,,
,,,,,,,
,,,,,,,
,,,,,,,
,,,,,,,
,,,,,,,
,,,,,,,
,,,,,,,
,,,,,,,
,,,,,,,
,,,,,,,
,,,,,,,
,,,,,,,
,,,,,,,
,,,,,,,
,,,,,,,
,,,,,,,
,,,,,,,
,,,,,,,
,,,,,,,
,,,,,,,
,,,,,,,
,,,,,,,
,,,,,,,
,,,,,,,
,,,,,,,
,,,,,,,
,,,,,,,
,,,,,,,
,,,,,,,
,,,,,,,
,,,,,,,
,,,,,,,
,,,,,,,
,,,,,,,
,,,,,,,
,,,,,,,
,,,,,,,
,,,,,,,
,,,,,,,
,,,,,,,
,,,,,,,
,,,,,,,
,,,,,,,
,,,,,,,
,,,,,,,
,,,,,,,
,,,,,,,
,,,,,,,
,,,,,,,
,,,,,,,
,,,,,,,
,,,,,,,
,,,,,,,
,,,,,,,
,,,,,,,
,,,,,,,
,,,,,,,
,,,,,,,
,,,,,,,
,,,,,,,
,,,,,,,
,,,,,,,
,,,,,,,
,,,,,,,
,,,,,,,
,,,,,,,
,,,,,,,
,,,,,,,
,,,,,,,
,,,,,,,
,,,,,,,
,,,,,,,
,,,,,,,
,,,,,,,
,,,,,,,
,,,,,,,
,,,,,,,
,,,,,,,
,,,,,,,
,,,,,,,
,,,,,,,
,,,,,,,
,,,,,,,
,,,,,,,
,,,,,,,
,,,,,,,
,,,,,,,
,,,,,,,
,,,,,,,
,,,,,,,
,,,,,,,
,,,,,,,
,,,,,,,
,,,,,,,
,,,,,,,
,,,,,,,
,,,,,,,
,,,,,,,
,,,,,,,
,,,,,,,
,,,,,,,
,,,,,,,
,,,,,,,
,,,,,,,
,,,,,,,
,,,,,,,
,,,,,,,
,,,,,,,
,,,,,,,
,,,,,,,
,,,,,,,
,,,,,,,
,,,,,,,
,,,,,,,
,,,,,,,
,,,,,,,
,,,,,,,
,,,,,,,
,,,,,,,
,,,,,,,
,,,,,,,
,,,,,,,
,,,,,,,
,,,,,,,
,,,,,,,
,,,,,,,
,,,,,,,
,,,,,,,
,,,,,,,
,,,,,,,
,,,,,,,
,,,,,,,
,,,,,,,
,,,,,,,
,,,,,,,
,,,,,,,
,,,,,,,
,,,,,,,
,,,,,,,
,,,,,,,
,,,,,,,
,,,,,,,
,,,,,,,
,,,,,,,
,,,,,,,
,,,,,,,
,,,,,,,
,,,,,,,
,,,,,,,
,,,,,,,
,,,,,,,
,,,,,,,
,,,,,,,
,,,,,,,
,,,,,,,
,,,,,,,
,,,,,,,
,,,,,,,
,,,,,,,
,,,,,,,
,,,,,,,
,,,,,,,
,,,,,,,
,,,,,,,
,,,,,,,
,,,,,,,
,,,,,,,
,,,,,,,
,,,,,,,
,,,,,,,
,,,,,,,
,,,,,,,
,,,,,,,
,,,,,,,
,,,,,,,
,,,,,,,
,,,,,,,
,,,,,,,
,,,,,,,
,,,,,,,
,,,,,,,
,,,,,,,
,,,,,,,
,,,,,,,
,,,,,,,
,,,,,,,
,,,,,,,
,,,,,,,
,,,,,,,
,,,,,,,
,,,,,,,
,,,,,,,
,,,,,,,
,,,,,,,
,,,,,,,
,,,,,,,
,,,,,,,
,,,,,,,
,,,,,,,
,,,,,,,
,,,,,,,
,,,,,,,
,,,,,,,
,,,,,,,
,,,,,,,
,,,,,,,
,,,,,,,
,,,,,,,
,,,,,,,
,,,,,,,
,,,,,,,
,,,,,,,
,,,,,,,
,,,,,,,
,,,,,,,
,,,,,,,
,,,,,,,
,,,,,,,
,,,,,,,
,,,,,,,
,,,,,,,
,,,,,,,
,,,,,,,
,,,,,,,
,,,,,,,
,,,,,,,
,,,,,,,
,,,,,,,
,,,,,,,
,,,,,,,
,,,,,,,
,,,,,,,
,,,,,,,
,,,,,,,
,,,,,,,
,,,,,,,
,,,,,,,
,,,,,,,
,,,,,,,
,,,,,,,
,,,,,,,
,,,,,,,
,,,,,,,
,,,,,,,
,,,,,,,
,,,,,,,
,,,,,,,
,,,,,,,
,,,,,,,
,,,,,,,
,,,,,,,
,,,,,,,
,,,,,,,
,,,,,,,
,,,,,,,
,,,,,,,
,,,,,,,
,,,,,,,
,,,,,,,
,,,,,,,
,,,,,,,
,,,,,,,
,,,,,,,
,,,,,,,
,,,,,,,
,,,,,,,
,,,,,,,
,,,,,,,
,,,,,,,
,,,,,,,
,,,,,,,
,,,,,,,
,,,,,,,
,,,,,,,
,,,,,,,
,,,,,,,
,,,,,,,
,,,,,,,
,,,,,,,
,,,,,,,
,,,,,,,
,,,,,,,
,,,,,,,
,,,,,,,
,,,,,,,
,,,,,,,
,,,,,,,
,,,,,,,
,,,,,,,
,,,,,,,
,,,,,,,
,,,,,,,
,,,,,,,
,,,,,,,
,,,,,,,
,,,,,,,
,,,,,,,
,,,,,,,
,,,,,,,
,,,,,,,
,,,,,,,
,,,,,,,
,,,,,,,
,,,,,,,
,,,,,,,
,,,,,,,
,,,,,,,
,,,,,,,
,,,,,,,
,,,,,,,
,,,,,,,
,,,,,,,
,,,,,,,
,,,,,,,
,,,,,,,
,,,,,,,
,,,,,,,
,,,,,,,
,,,,,,,
,,,,,,,
,,,,,,,
,,,,,,,
,,,,,,,
,,,,,,,
,,,,,,,
,,,,,,,
,,,,,,,
,,,,,,,
,,,,,,,
,,,,,,,
,,,,,,,
,,,,,,,
,,,,,,,
,,,,,,,
,,,,,,,
,,,,,,,
,,,,,,,
,,,,,,,
,,,,,,,
,,,,,,,
,,,,,,,
,,,,,,,
,,,,,,,
,,,,,,,
,,,,,,,
,,,,,,,
,,,,,,,
,,,,,,,
,,,,,,,
,,,,,,,
,,,,,,,
,,,,,,,
,,,,,,,
,,,,,,,
,,,,,,,
,,,,,,,
,,,,,,,
,,,,,,,
,,,,,,,
,,,,,,,
,,,,,,,
,,,,,,,
,,,,,,,
,,,,,,,
,,,,,,,
,,,,,,,
,,,,,,,
,,,,,,,
,,,,,,,
,,,,,,,
,,,,,,,
,,,,,,,
,,,,,,,